Fact_Check_Link,Tweet_Topic
https://www.altnews.in/11-year-old-video-shared-with-false-claim-that-sp-leader-kamal-akhtar-thrashed-by-up-police/,Politics
https://www.altnews.in/2-year-old-video-of-a-group-of-boys-harassing-a-girl-in-burqa-shared-as-recent/,Religion
https://www.altnews.in/2011-video-of-japan-tsunami-shared-as-flood-situation-in-china/,News
https://www.altnews.in/2011-video-of-korean-dictator-kim-jong-ils-funeral-shared-as-confirmation-of-kim-jong-un-death/,Media
https://www.altnews.in/2012-video-from-palestinian-girl-tried-to-slap-soldier-shared-as-ukrain-russia-conflict/,Media
https://www.altnews.in/2012-video-shared-with-false-claim-thar-40-thousand-us-soldiers-threw-their-medals-afganistan-iraq/,Politics
https://www.altnews.in/2013-image-of-mexican-mp-protesting-energy-bill-viral-with-misleading-claims/,Society
https://www.altnews.in/2013-images-of-russian-army-soldiers-revived-as-indian-army-soldiers-at-siachen-glacier/,Politics
https://www.altnews.in/2014-image-of-isis-attack-on-iraq-shared-as-attack-on-pakistan-by-taliban/,Politics
https://www.altnews.in/2014-video-of-naga-sadhu-beaten-up-by-sikhs-shared-as-recent-after-aap-victory-in-punjab/,Politics
https://www.altnews.in/2014-video-shared-as-white-house-holding-a-recital-of-hindu-shlokas-for-joe-biden/,Politics
https://www.altnews.in/2016-images-of-clash-in-bjp-party-workers-convention-in-howrah-west-bengal-shared-as-recent/,Politics
https://www.altnews.in/2016-video-of-aimim-leader-waris-pathan-arguing-with-cops-shared-as-recent/,Religion
https://www.altnews.in/2016-video-of-bjp-leader-rajkumar-sainis-blackeing-face-shared-as-recent/,Politics
https://www.altnews.in/2017-image-of-big-pothole-from-ahmedabad-shared-as-uttar-pradesh/,Politics
https://www.altnews.in/2017-video-of-french-president-emmanuel-macron-having-an-egg-thrown-at-his-face-shared-as-recent-protest-against-him/,Politics
https://www.altnews.in/2017-video-of-protest-against-baba-ramdev-at-airport-shared-as-recent/,Politics
https://www.altnews.in/2018-image-of-hussain-water-cooler-at-raipur-station-shared-as-delhi/,Politics
https://www.altnews.in/2018-image-shared-with-false-claim-that-yogi-govt-made-special-arrangement-for-cops-in-navratri-first-time/,Politics
https://www.altnews.in/2018-video-of-a-police-man-beaten-up-by-locals-shared-with-false-claim-of-bareilly-police-beaten-up-by-peaceful-for-challan/,Religion
https://www.altnews.in/2019-video-from-loksabha-election-shared-as-fraud-in-up-by-bjp-members/,Politics
https://www.altnews.in/2019-video-of-a-couple-swimming-in-floodwater-at-home-in-prayagraj-uttar-pradesh-shared-as-delhi-by-congress-leaders/,Politics
https://www.altnews.in/2019-video-of-shiv-sena-members-assaulting-man-shaving-his-head-viral-as-recent/,Politics
https://www.altnews.in/2019-video-shared-as-huge-crowed-gathered-in-footballer-maradonas-funeral/,News
https://www.altnews.in/4-year-video-of-crowed-at-railway-station-shared-as-recent-boriwali-station/,News
https://www.altnews.in/a-morphed-image-of-a-billboard-which-shows-uk-queen-elizabeth-ii-thanking-pm-modi-for-vaccine-supply-to-the-country-viral-with-false-claims/,Politics
https://www.altnews.in/a-set-of-old-unrelated-images-and-videos-are-viral-as-recent-farmer-protests/,Politics
https://www.altnews.in/a-three-year-old-image-of-a-woman-and-her-son-carrying-oxygen-cylinder-viral-as-recent/,Politics
https://www.altnews.in/a-video-from-rajasthan-where-a-young-man-was-tied-to-a-tree-shaved-and-fed-urine-shared-with-false-dalit-oppression-claim/,News
https://www.altnews.in/a-video-where-parents-argue-with-school-administration-from-patna-shared-as-hyderabad/,News
https://www.altnews.in/abp-news-falsely-quoted-icmr-report-health-ministry-confirmed-theres-no-such-research/,News
https://www.altnews.in/ad-agency-with-bjp-connection-handles-social-media-for-maharashtra-election-commission/,Politics
https://www.altnews.in/air-india-crash-manorama-news-airs-simulation-clip-as-cockpit-visuals/,Media
https://www.altnews.in/air-india-crash-old-video-of-retired-naval-officer-falsely-viral-as-late-captain-deepak-sathe-singing/,News
https://www.altnews.in/akali-dals-manjinder-sirsa-shares-video-from-surat-as-lockdown-violation-in-delhis-daryaganj/,Politics
https://www.altnews.in/amit-shah-bhawanipur-image-sonagachi-fake-news/,Politics
https://www.altnews.in/amitabh-bachchan-tweets-5-year-old-video-of-lalbaugcha-raja/,News
https://www.altnews.in/an-old-audio-clip-and-a-photo-of-mockdrill-shared-with-false-narrative/,Religion
https://www.altnews.in/an-old-video-of-chinese-army-arguing-with-indian-army-at-border-shared-as-recent/,Politics
https://www.altnews.in/another-false-dps-rajbagh-claim-shared-online-this-time-video-is-from-2019-anti-caa-protest-in-bhu/,Religion
https://www.altnews.in/are-these-people-in-keralas-waynad-protesting-for-palestinians/,Politics
https://www.altnews.in/army-pro-denies-viral-claim-of-troops-artillery-deployed-in-delhi-to-quash-farmers-protest/,Politics
https://www.altnews.in/arnab-goswamis-video-statement-alleging-attack-doesnt-predate-the-attack-unlike-claimed-by-congress-members/,News
https://www.altnews.in/arvind-kejriwal-falsely-claims-bjp-worker-tweeted-criticism-of-gujarat-education-system/,Politics
https://www.altnews.in/at-least-3-yo-photo-viral-as-child-serving-food-during-farmers-protest/,Society
https://www.altnews.in/awareness-video-falsely-viral-as-muslim-baba-rendering-a-couple-unconscious-to-rob-them/,Religion
https://www.altnews.in/bihar-poll-rjd-shared-photo-of-up-police-punishing-lockdown-violators-as-mistreatment-of-bihari-migrants/,Politics
https://www.altnews.in/bihar-polls-old-unverified-video-falsely-viral-as-evm-directly-registering-vote-for-bjp/,Politics
https://www.altnews.in/bjp-delhi-falsely-accused-aap-govt-of-buying-oximeters-at-extremely-high-price/,Politics
https://www.altnews.in/bjp-parshad-offered-sex-to-friends-wife-and-beaten-her-video-viral/,News
https://www.altnews.in/bjp-spokesperson-shares-old-video-of-pak-man-threatening-pm-modi-many-believe-video-is-from-india/,Politics
https://www.altnews.in/bjp-supporters-shared-ukraines-old-design-as-gujrats-vaishno-devi-circle-flyover/,Politics
https://www.altnews.in/bjp-workers-are-vandalising-party-office-for-tickets-and-not-oxygen-cylinder/,Politics
https://www.altnews.in/bjps-abhijat-mishra-falsely-claims-illegal-bangladeshis-attack-bihari-family-in-west-bengal/,Religion
https://www.altnews.in/cadbury-australias-website-screenshot-shared-to-claim-products-with-beef-sold-in-india/,Religion
https://www.altnews.in/call-starting-from-140-can-make-your-bank-balance-zero-mumbai-police-video-viral-with-false-claim/,Society
https://www.altnews.in/cctv-footage-of-an-attack-in-gujarat-shared-as-after-effect-of-kashmir-files-movie/,Religion
https://www.altnews.in/cgi-clip-and-old-video-shared-as-devastation-caused-by-cyclone-nivar/,News
https://www.altnews.in/chinar-corps-indian-army-media-share-old-video-as-recent-ceasefire-violation-by-pakistan-along-loc/,Politics
https://www.altnews.in/clip-from-2016-shared-as-shah-owaisi-struck-secret-deal-ahead-of-2020-bihar-polls/,Politics
https://www.altnews.in/clipped-video-of-rahul-gandhis-speech-in-manipur-shared-to-mock-him/,Politics
https://www.altnews.in/coca-cola-india-support-farmer-protest-launch-campaign-false/,Politics
https://www.altnews.in/congress-leader-shashi-tharoor-shared-an-old-image-to-claim-it-shows-aatmnirbhar-india/,Politics
https://www.altnews.in/congress-leaders-shared-2018-images-of-farmer-protest-as-recent/,Politics
https://www.altnews.in/congress-members-tweet-video-of-tourists-on-chinese-side-of-pangong-tso-as-indian-side/,Politics
https://www.altnews.in/congress-mla-js-negis-speech-viral-as-nepalese-leader-criticises-pm-modi/,Politics
https://www.altnews.in/congress-rohan-gupta-shares-old-images-of-shopkeeper-falling-a-sleep-to-target-pm-modi/,Politics
https://www.altnews.in/congress-shared-old-video-of-boy-pushing-stretcher-in-up-hospital-as-bihar/,Politics
https://www.altnews.in/congress-shares-2012-image-of-pm-modi-with-ducks-as-pr-during-covid-19/,Politics
https://www.altnews.in/congress-uses-2008-image-from-bangladesh-to-attack-modi-government/,Politics
https://www.altnews.in/congress-uses-images-from-upa-rule-to-represent-plight-of-farmers-under-modi-govt/,Politics
https://www.altnews.in/congress-uses-photos-of-bjp-led-assam-govts-initiative-for-punjab-poll-promise/,Politics
https://www.altnews.in/coronavirus-mock-drill-video-from-pune-shared-as-real/,News
https://www.altnews.in/delhi-cm-arvind-kejriwal-tax-payers-thanks-morphed-bill-board/,Politics
https://www.altnews.in/delhi-police-clarifies-no-ban-on-azaan-after-video-of-two-policemen-goes-viral/,News
https://www.altnews.in/delhi-youth-congress-shares-old-video-from-malaysia-as-woman-attacked-in-delhi-metro/,Politics
https://www.altnews.in/did-indian-coast-guard-intercept-boats-with-narcotics-and-weapons-headed-to-kerala/,News
https://www.altnews.in/did-news24-apologize-to-sp-leader-akhilesh-yadav-morphed-screenshot-viral/,Politics
https://www.altnews.in/did-rajasthan-bjp-mp-kalicharan-saraf-misbehave-with-suman-sharma/,Politics
https://www.altnews.in/did-rjd-dump-sweets-after-loosing-bihar-election-old-images-of-haryana-and-mp-viral-with-false-claim/,Politics
https://www.altnews.in/disabled-muslim-man-hounded-for-accidentally-dropping-currency-accused-of-spreading-coronavirus/,Politics
https://www.altnews.in/diwali-crackers-laden-scooter-bursts-video-viral-with-false-claim/,News
https://www.altnews.in/dummy-natgeo-magazine-cover-with-sikh-man-goes-viral/,Politics
https://www.altnews.in/explicit-video-of-a-gym-workout-viral-with-false-love-jihad-spin/,Religion
https://www.altnews.in/explosion-in-uae-after-first-official-flight-lands-from-israel-no-false-claim-viral/,Politics
https://www.altnews.in/facebook-post-from-2015-ascribing-false-quote-to-ex-bangladesh-pm-khaleda-zia-viral/,Religion
https://www.altnews.in/fact-check-2011-image-of-bihar-tableau-shared-as-ups-during-sps-regime-republic-day/,Politics
https://www.altnews.in/fact-check-are-circuit-boards-with-cov-19-engraving-being-installed-on-5g-towers/,Society
https://www.altnews.in/fact-check-bill-of-petrol-written-dont-vote-for-modi-at-mumbai-petrol-pump-is-fake/,Politics
https://www.altnews.in/fact-check-did-7000-cr-rs-seized-from-it-raids-in-a-church-from-kerala/,News
https://www.altnews.in/fact-check-did-a-man-saved-a-girl-from-rape-and-killed-two-miscreants-in-up-shahjahanpur/,Society
https://www.altnews.in/fact-check-did-a-old-man-in-up-stopped-cm-yogi-adityanath-to-come-to-meet-him/,Politics
https://www.altnews.in/fact-check-did-an-ngo-citizen-for-green-doon-filed-a-petition-to-stop-road-construction-at-indo-china-border/,Religion
https://www.altnews.in/fact-check-did-muslims-offer-namaz-in-ganga-river-false-claim/,Religion
https://www.altnews.in/fact-check-did-supreme-court-of-nepal-ban-loudspeaker-of-mosques/,Religion
https://www.altnews.in/fact-check-did-the-richest-man-in-america-john-ford-convert-to-islam/,Religion
https://www.altnews.in/fact-check-did-up-cm-yogi-adityanath-watch-live-cremation-of-hathras-victim/,Politics
https://www.altnews.in/fact-check-edited-video-is-being-shared-to-falsely-claim-that-aaloo-sona-machine-remarks-belongs-to-pm-modi/,Politics
https://www.altnews.in/fact-check-imported-fabric-used-for-uniforms-of-indian-armed-forces/,News
https://www.altnews.in/fact-check-is-this-the-2100-kg-bell-to-be-installed-at-ram-temple-in-ayodhya/,Religion
https://www.altnews.in/fact-check-is-this-the-peak-of-mount-kailash-seen-for-the-first-time-due-to-indian-govt/,Politics
https://www.altnews.in/fact-check-morphed-image-shared-to-claim-itbp-appeals-to-boycott-chinese-produsts-in-diwali/,Politics
https://www.altnews.in/fact-check-photo-of-mirza-shah-abbas-son-of-bahadur-shah-zafar-shared-as-mohammad-akbar-to-show-he-was-weak/,Politics
https://www.altnews.in/fact-check-shivsena-mumbai-police-paying-homage-mahim-dargah/,Politics
https://www.altnews.in/fact-check-supreme-court-didnt-changed-its-motto-satyamev-jayate-to-yato-dharmastato-jaya/,Politics
https://www.altnews.in/fact-check-video-clip-of-a-plane-passing-under-the-bridge-is-not-real/,Politics
https://www.altnews.in/fact-check-video-viral-with-false-claim-that-miracle-rain-shower-only-on-nataraj-idol-in-tamilnadu/,Religion
https://www.altnews.in/fact-check-viral-image-false-claim-amir-khans-daughter-ira-khan-elope-with-hindu-servant/,Religion
https://www.altnews.in/fact-checking-pib-fact-check-did-family-of-mother-who-died-in-shramik-train-claim-she-had-long-term-illness/,News
https://www.altnews.in/fake-aaj-tak-tweet-created-to-claim-bjp-apologised-to-the-gandhi-family/,Politics
https://www.altnews.in/fake-abp-news-graphic-plates-ascribe-false-statements-to-rahul-gandhi/,Politics
https://www.altnews.in/fake-axis-bank-cheque-again-viral-claiming-diamond-merchant-and-fugitive-nirav-modi-paid-98-crores-to-congress-party/,Politics
https://www.altnews.in/fake-cashews-manufactured-no-these-are-cashew-shaped-snacks-made-out-of-flour/,Society
https://www.altnews.in/fake-letter-bjp-rajesh-bhatiya-against-farmer-protest/,Politics
https://www.altnews.in/fake-letter-yogi-adityanath-pm-modi-hindu-rashtra/,Politics
https://www.altnews.in/fake-list-of-56-chinese-soldiers-who-died-in-galwan-valley-created-using-wikipedia-page/,Politics
https://www.altnews.in/fake-news18-screenshot-shared-to-claim-57-covid-positive-cases-after-comedk-exam-in-karnataka/,Society
https://www.altnews.in/fake-statement-of-kapil-dev-criticizing-jay-shah-to-suppress-cricketers-voice-viral-on-social-media/,Politics
https://www.altnews.in/fake-tweet-of-rahul-gandhi-asking-why-neeraj-chopra-standing-on-second-position-instead-of-winning-gold/,Politics
https://www.altnews.in/fake-tweets-ascribed-to-journalists-after-bjps-win-in-up/,Politics
https://www.altnews.in/fake-tweets-attributed-to-cnn-viral-amidst-russia-ukraine-crisis/,Politics
https://www.altnews.in/fake-tweets-portrays-bjps-priti-gandhi-claiming-her-husband-escaped-capitol-hill-rioting/,Politics
https://www.altnews.in/fake-whatsaap-forwards-claiming-pm-unemployment-allowance-pradhanmantri-berojgar-bhatta-yojna/,Politics
https://www.altnews.in/false-claim-of-muslim-girl-is-beaten-up-after-seeing-with-hindu-man-video-viral-with-communal-angle/,Religion
https://www.altnews.in/false-claim-of-muslims-mocking-hindu-religion-by-dancing-around-the-fire/,Religion
https://www.altnews.in/false-claim-of-tirupati-balaji-temple-chairman-is-christian-and-a-trustee-of-siddhi-vinayak-is-muslim-viral-on-social-media/,Religion
https://www.altnews.in/false-claim-sabarimala-temple-aravana-prasadam-is-made-by-uaes-al-zahaa/,Politics
https://www.altnews.in/false-claim-suggests-kurnool-mla-hafeez-khan-forced-nurse-to-wash-imams-feet/,News
https://www.altnews.in/false-claim-that-us-researcher-dr-lieber-made-and-sold-coronavirus-to-china-continues-to-float-online/,Politics
https://www.altnews.in/false-claims-about-safoora-zargar-marriage-and-pregnancy-viral-on-social-media/,Religion
https://www.altnews.in/false-news-that-dr-fauci-has-been-sacked-as-chief-medical-adviser-to-us-president-viral/,News
https://www.altnews.in/farmers-protest-old-video-viral-as-thousands-of-nihang-sikhs-march-for-delhi-from-punjab/,Politics
https://www.altnews.in/fictional-congress-mla-anil-upadhyay-revived-with-another-video/,Politics
https://www.altnews.in/fight-between-customers-and-staff-in-harayana-dhaba-falsely-communalised/,Religion
https://www.altnews.in/filming-of-russian-music-video-viral-with-hoax-claim-that-covid-is-a-conspiracy/,Society
https://www.altnews.in/fir-against-sudhir-chaudhary-no-badge-of-honour-jihad-chart-lifted-from-dubious-page/,Media
https://www.altnews.in/five-yr-old-image-from-patna-shared-to-claim-no-solidarity-for-recent-bharat-bandh/,Politics
https://www.altnews.in/gajendra-chauhan-shared-old-photo-of-narendra-modi-in-gurjat-as-image-with-barmer-hindus-from-pakistan/,Politics
https://www.altnews.in/gujarat-congress-seva-dal-shares-photo-from-bangladesh-as-aftermath-of-rain-in-india/,Politics
https://www.altnews.in/gujarat-minor-girl-publicly-thrashed-for-eloping-video-viral-as-dalit-girl-beaten-up-in-up-by-upper-cast-men-drawing-water-from-a-well/,Society
https://www.altnews.in/hindi/a-video-of-a-sikh-man-beaten-up-in-ludhiyana-shared-as-pakistan-with-communal-narrative/,समाचार
https://www.altnews.in/hindustan-newspaper-shared-a-9-year-old-image-from-bangladesh-to-show-a-family-got-stuck-for-a-week-in-bihar-flood/,Media
https://www.altnews.in/hoax-letter-claims-donald-trump-wrote-joe-you-know-i-won-to-joe-biden/,News
https://www.altnews.in/hoax-message-that-birds-are-dying-due-to-jio-5g-trials-viral-amid-bird-flu-in-india/,News
https://www.altnews.in/honor-killing-case-of-2018-and-an-unrelated-wedding-card-of-inter-faith-couple-shared-with-false-love-jihad-angle/,Religion
https://www.altnews.in/image-from-2009-linked-with-recent-water-crisis-in-delhi/,Politics
https://www.altnews.in/image-from-yemen-viral-as-dead-body-of-pappu-shukla-from-gujarat-surrounded-by-dogs/,Society
https://www.altnews.in/image-morphed-to-show-us-vp-elect-kamala-harris-wearing-saree/,Politics
https://www.altnews.in/image-of-bjp-workers-dead-body-hanging-from-a-tree-is-from-2018/,Politics
https://www.altnews.in/image-of-convict-hanged-in-nirbhaya-rape-case-falsely-as-juvenile-convict/,Politics
https://www.altnews.in/image-of-muslim-owned-shop-gutted-in-amravati-violence-shared-as-violence-against-hindus/,Politics
https://www.altnews.in/image-of-railway-station-in-ukraine-shared-with-false-claim-that-cricketer-shakib-al-hasan-made-mosque/,Religion
https://www.altnews.in/images-from-west-bengal-where-a-man-sitting-in-pothole-wearing-helmet-shared-as-uttar-pradesh/,Politics
https://www.altnews.in/images-injured-sant-vrindavan-mathura-bangladeshi-hindu-muslim-angle/,News
https://www.altnews.in/images-of-charred-idol-of-hindu-deity-kali-in-west-bengal-viral-with-baseless-communal-angle/,Religion
https://www.altnews.in/images-of-protests-demanding-kt-jaleels-resignation-shared-as-injured-farmers/,Politics
https://www.altnews.in/images-of-protests-held-in-the-past-shared-as-massive-crowd-at-farmers-protest/,Politics
https://www.altnews.in/images-of-underwater-temple-garden-in-bali-shared-as-5000-years-old-statues-found-of-hindu-deities-in-indonesia/,Religion
https://www.altnews.in/india-today-group-times-now-air-old-images-of-pla-cemetery-as-graves-of-chinese-killed-in-galwan/,Media
https://www.altnews.in/indian-army-men-collapse-during-endurance-training-video-viral-with-anti-vax-claim/,News
https://www.altnews.in/indian-journalists-quote-chinese-casualties-based-on-unverified-source/,Politics
https://www.altnews.in/irresponsible-media-reports-spark-anger-against-muslims-and-kerala-in-elephant-death-case/,Media
https://www.altnews.in/joe-biden-inaugral-ceremony-india-wasnt-invited-to-the-event-false-claim-viral-social-media/,Politics
https://www.altnews.in/kangana-ranaut-falsely-claims-she-was-forced-to-vote-for-shiv-sena-in-2019-lok-sabha-polls/,Politics
https://www.altnews.in/killings-cought-on-camera-dongri-mumbai-veravar-market-gujarat-viral-video-false-claim/,Society
https://www.altnews.in/lalu-prasad-yadav-demise-fake-news-viral/,Politics
https://www.altnews.in/locomotive-with-fortune-atta-ad-shared-as-adani-has-taken-over-indian-railways/,Politics
https://www.altnews.in/man-thrashed-on-camera-by-shiv-sena-workers-is-indeed-ex-indian-navy-serviceman/,News
https://www.altnews.in/man-who-said-mandir-chahiye-is-not-dead-false-claim-viral/,Politics
https://www.altnews.in/massive-protest-against-hazaras-killings-pakistan-kargil-laddakh-pok-false/,Politics
https://www.altnews.in/media-passes-photo-of-isis-militant-as-commander-of-hizbul-mujahideen-mehrazuddin-halwai-killed-in-jk/,Media
https://www.altnews.in/misleading-reports-claimed-pakistan-admitted-to-dawood-ibrahims-presence-in-karachi/,Media
https://www.altnews.in/mock-drill-video-shared-as-terrorist-caught-by-delhi-police-in-gaffar-market/,Society
https://www.altnews.in/money-control-misquotes-nobel-laureate-abhijit-banerjee-saying-weak-upa-policies-were-embraced-by-the-current-govt/,Politics
https://www.altnews.in/morphed-image-of-deepika-padukone-wearing-i-stand-with-farmer-t-shirt-is-viral/,Politics
https://www.altnews.in/morphed-image-of-pakitani-leader-viral-in-india-targeting-him/,Politics
https://www.altnews.in/morphed-image-of-time-to-go-cover-featuring-donald-trump-shared-by-journalists/,Politics
https://www.altnews.in/morphed-image-shows-banner-thanking-pm-modi-for-mirabai-chanus-olympic-win/,Politics
https://www.altnews.in/morphed-image-shows-rohit-sharmas-photo-displayed-on-burj-khalifa-after-ipl-win/,News
https://www.altnews.in/morphed-image-used-to-claim-iaf-mocked-pakistan-over-balakot-airstrike-casualties/,Politics
https://www.altnews.in/morphed-opindia-screengrab-claims-greta-thunbergs-real-name-is-ghazala-bhat/,Politics
https://www.altnews.in/morphed-poster-of-cm-kejriwal-congratulating-delhi-for-a-speed-breaker/,Politics
https://www.altnews.in/morphed-screenshot-viral-to-claim-nyts-propaganda-for-aap/,Politics
https://www.altnews.in/mp-congress-digvijay-singh-shared-an-edited-video-of-bjp-leader-shivraj-singh-chauhan-and-claimed-crowed-at-rally-supporting-kamalnath/,Politics
https://www.altnews.in/mp-congress-used-a-three-year-old-mock-drill-video-clip-from-jharkhand-as-shivraj-singh-chauhan-govt-open-fire-on-protesting-farmers/,Politics
https://www.altnews.in/mulayam-singh-yadav-did-not-say-bjp-will-win-up-polls-statement-from-2015-bihar-polls/,Politics
https://www.altnews.in/muslim-clerics-photo-misused-to-show-him-encouraging-muslim-women-to-lure-hindu-men/,Religion
https://www.altnews.in/myntra-didnt-make-controversial-graphic-krishna-draupadi-disrobing/,Religion
https://www.altnews.in/new-zealand-pms-visit-to-hindu-temple-ahead-of-national-elections-viral-with-covid-spin/,Religion
https://www.altnews.in/news18-broadcast-2016-video-from-malaysia-as-chinese-national-beaten-in-pakistan/,Media
https://www.altnews.in/news18-kannda-uses-2019-image-from-bihar-floods-as-aftermath-of-recent-mumbai-rains/,News
https://www.altnews.in/news18-misreports-scuffle-between-police-and-locals-in-kurla-as-cops-manhandled-after-namaz/,Media
https://www.altnews.in/no-bihar-sp-working-on-sushant-singh-rajputs-case-has-not-been-appointed-by-cbi/,Politics
https://www.altnews.in/no-japan-channel-didnt-show-modi-xi-jinping-modi-xi-kung-fu-clipped-video-of-india-today-show-so-sorry-shared-with-false-claim/,News
https://www.altnews.in/no-man-in-this-video-is-not-ukrainian-president-volodymyr-zelenskyy/,Politics
https://www.altnews.in/no-pm-modi-is-not-bowing-to-xi-jinping-photoshopped-image-shared-by-congress-leader/,Politics
https://www.altnews.in/no-this-image-of-a-document-with-photo-of-pm-modi-in-not-a-death-certificate/,Politics
https://www.altnews.in/no-this-is-not-a-photo-of-kangana-ranaut-with-abu-salem/,Politics
https://www.altnews.in/no-this-is-not-himalaya-drug-company-owner-urging-muslims-to-take-over-jobs/,Religion
https://www.altnews.in/no-this-is-not-punjab-cm-charanjit-channi-getting-baptised/,Politics
https://www.altnews.in/no-this-isnt-tn-man-arrested-for-issuing-death-threats-to-karnataka-judges/,News
https://www.altnews.in/no-this-video-does-not-show-covid-patients-it-is-related-to-visakhapatnam-gas-leak-last-year/,Society
https://www.altnews.in/no-uganda-cop-did-not-hit-journalist-with-slingshot-for-asking-irrelevant-question/,Politics
https://www.altnews.in/no-west-bengal-government-has-not-waived-off-gst-for-muslim-business-owners/,Politics
https://www.altnews.in/no-woman-dancing-to-rajasthani-folk-music-is-not-ias-rukmani-riar/,Society
https://www.altnews.in/old-abp-news-broadcast-misreporting-zakir-naiks-extradition-viral-on-social-media/,Politics
https://www.altnews.in/old-bombay-hc-judgement-viral-as-recent-verdict-on-hijab-ban/,News
https://www.altnews.in/old-clipped-video-falsely-viral-as-up-govt-officials-ignoring-cm-adityanaths-calls/,Politics
https://www.altnews.in/old-hoax-about-upa-involved-in-scam-related-to-procurement-of-army-boots-revived/,Politics
https://www.altnews.in/old-image-from-anti-caa-protest-falsely-linked-to-delhis-jahangirpuri-violence/,Religion
https://www.altnews.in/old-image-from-bangladesh-shared-as-muslim-leader-from-assam-congress-caught-with-arms/,Politics
https://www.altnews.in/old-image-from-kolkata-shared-as-anti-modi-graffiti-displayed-in-bihar-ahead-of-elections/,Politics
https://www.altnews.in/old-image-from-pakistan-shared-as-condition-of-school-in-india/,Society
https://www.altnews.in/old-image-from-punjab-where-a-family-having-tea-on-waterlogged-road-shared-as-delhi/,Politics
https://www.altnews.in/old-image-from-up-shared-to-portray-police-complicity-in-jahangirpuri-violence/,Politics
https://www.altnews.in/old-image-of-a-woman-wielding-lathi-at-cops-shared-as-recent-farmer-protest/,Politics
https://www.altnews.in/old-image-of-an-injured-woman-shared-as-poonam-pandey-after-sam-bombay-ashamed-her/,Religion
https://www.altnews.in/old-image-of-delhi-minto-bridge-underpass-waterlogged-shared-as-recent/,Politics
https://www.altnews.in/old-image-of-hyderabad-police-shared-with-false-claim-that-mamata-banarjee-making-clean-mosque-by-bengal-police/,Politics
https://www.altnews.in/old-image-of-manohar-lal-khattar-with-former-cm-bhupendra-singh-hooda-viral-as-recent-collusion-of-bjp-and-congress/,Politics
https://www.altnews.in/old-image-of-people-of-ukrain-praying-in-the-snow-shared-as-recent-ongoing-conflict/,Politics
https://www.altnews.in/old-image-of-policemen-carrying-dead-body-on-his-shoulder-shared-as-recent/,Society
https://www.altnews.in/old-image-of-shahrukh-khan-morphed-to-show-him-sporting-vote-for-mim-t-shirt/,Politics
https://www.altnews.in/old-image-of-sri-lankan-artist-viral-as-woman-protesting-against-rape-in-india/,Politics
https://www.altnews.in/old-image-of-tourists-in-manali-shared-as-recent/,Politics
https://www.altnews.in/old-image-shared-as-bjp-leaders-visit-covid-positive-dilip-ghosh-without-wearing-masks/,Politics
https://www.altnews.in/old-image-shared-as-recent-action-by-chandigarh-police-against-farmers/,Politics
https://www.altnews.in/old-images-falsely-shared-hindu-culture-embraced-in-uae-after-pm-modis-visit/,Politics
https://www.altnews.in/old-images-from-telangana-falsely-shared-as-cash-seized-from-bjp-bengal-leaders-residence/,Politics
https://www.altnews.in/old-images-of-mazar-demolished-in-up-in-2018-shared-as-recent/,Religion
https://www.altnews.in/old-images-of-mirage-2000-crash-viral-as-two-pilots-dead-in-rafale-crash-at-ambala/,Politics
https://www.altnews.in/old-images-shared-as-recent-farmer-protest-in-haryana/,News
https://www.altnews.in/old-images-viral-as-students-protesting-against-unemployment-in-lucknow/,Politics
https://www.altnews.in/old-map-of-india-shared-to-praise-pm-modi-on-tackling-coronavirus/,Politics
https://www.altnews.in/old-news-paper-clip-from-rajasthan-jaitaran-shared-as-west-bengal-ahead-of-assembly-election/,Politics
https://www.altnews.in/old-photo-from-bangladesh-viral-as-crowd-welcoming-asaduddin-owaisi-in-ghaziabad/,Politics
https://www.altnews.in/old-photo-from-bangladesh-viral-to-target-indian-muslims-amid-talks-of-population-control/,Religion
https://www.altnews.in/old-photo-from-pride-padare-from-kolkata-shared-as-jnu-protest-against-hindu-culture/,Politics
https://www.altnews.in/old-photo-of-anti-caa-protest-in-maharashtra-shared-as-violence-in-kashmir/,Politics
https://www.altnews.in/old-photo-of-reuters-building-viral-as-the-nyse-displaying-bjps-victory-in-the-up-elections/,Politics
https://www.altnews.in/old-photo-shared-amid-reports-of-dead-bodies-of-suspected-covid-victims-found-in-ganga/,News
https://www.altnews.in/old-report-from-rakhine-state-viral-as-hindus-killed-by-rohinyas-in-kolkata/,Religion
https://www.altnews.in/old-staged-video-of-farkhunda-killings-in-afganistan-shared-as-real/,Politics
https://www.altnews.in/old-tampered-video-showing-barack-obama-tossing-away-melania-trumps-gift-resurfaces/,Politics
https://www.altnews.in/old-tiktok-video-shared-with-false-claim-that-farmer-stands-with-pm-modi-amid-of-protest/,Politics
https://www.altnews.in/old-unrelated-photo-shared-as-farmers-protesting-revocation-of-article-370-and-uapa/,Politics
https://www.altnews.in/old-unrelated-video-shared-as-bjp-leaders-begging-rajnath-singh-to-repeal-farm-bills/,Politics
https://www.altnews.in/old-unrelated-video-shared-as-brutality-on-hindus-in-west-bengal/,Religion
https://www.altnews.in/old-unrelated-video-shared-as-indians-running-to-block-chinas-illegal-constructions-on-the-india-china-border/,Politics
https://www.altnews.in/old-unrelated-videos-falsely-shared-as-recent-violence-in-kashmir/,Politics
https://www.altnews.in/old-vandalism-video-of-footballs-in-switzerland-revived-as-muslims-rioting-in-sweden/,Religion
https://www.altnews.in/old-video-falsely-shared-as-police-arresting-muslim-women-after-jahangirpuri-violence/,Religion
https://www.altnews.in/old-video-falsely-viral-as-angry-mob-ransacks-petrol-pump-over-rising-petrol-price/,Politics
https://www.altnews.in/old-video-falsely-viral-as-us-students-sing-indian-national-anthem-to-thank-india-for-hcq/,News
https://www.altnews.in/old-video-from-brazil-that-shows-stacks-of-fake-currency-notes-viral-with-false-claim/,Politics
https://www.altnews.in/old-video-from-china-shared-as-zee-news-employee-assaulting-doctor-in-hospital/,News
https://www.altnews.in/old-video-from-germany-falsely-viral-as-france-declares-war-on-muslims/,Religion
https://www.altnews.in/old-video-from-karnataka-shared-amid-protests-by-hindu-groups-in-ujjain/,Religion
https://www.altnews.in/old-video-from-mp-falsely-linked-to-rajasthan-mans-arrest-for-allegedly-spying-for-pak/,Politics
https://www.altnews.in/old-video-from-pakistan-shared-as-a-student-tested-positive-after-up-bed-exam-in-august/,News
https://www.altnews.in/old-video-from-pakistan-shared-as-cyclone-nivar-in-chennai/,News
https://www.altnews.in/old-video-from-pakistan-shared-as-women-fell-into-a-gutter-in-delhi/,Politics
https://www.altnews.in/old-video-from-punjab-falsely-shared-as-woman-buring-burqa-accidentally-sets-herself-ablaze/,Religion
https://www.altnews.in/old-video-from-russsia-shared-with-false-claim-as-ballot-stuffing-in-us-presidential-election/,Politics
https://www.altnews.in/old-video-of-a-protest-against-caa-shared-as-rally-against-sangh-parivar-in-kerala/,Politics
https://www.altnews.in/old-video-of-a-truck-and-helicopter-accident-from-brazil-shared-as-amritsar-punjab/,Society
https://www.altnews.in/old-video-of-bihar-cm-nitish-kumars-convoy-attacked-shared-as-recent-ahead-of-state-polls/,Politics
https://www.altnews.in/old-video-of-brazilian-jets-shared-as-mid-air-refueling-of-rafale-jets-delivered-to-india/,Politics
https://www.altnews.in/old-video-of-bsf-jawans-injured-in-road-accident-shared-as-slain-indian-army-soldiers/,News
https://www.altnews.in/old-video-of-burqa-clad-man-entering-ladies-toilet-in-goa-shared-with-false-bjp-rss-and-muslim-claim/,Religion
https://www.altnews.in/old-video-of-cops-beating-up-a-boy-shared-with-false-claim-that-he-raised-pakistan-zindabad-slogan/,Politics
https://www.altnews.in/old-video-of-darul-uloom-mufti-on-badrinath-temple-falsely-linked-to-aap/,Politics
https://www.altnews.in/old-video-of-dmk-leader-assaulting-woman-resurfaces-as-attacking-doctor/,Politics
https://www.altnews.in/old-video-of-drunk-cop-shared-to-target-aap-after-punjab-win/,Politics
https://www.altnews.in/old-video-of-expired-chicken-discarded-in-saudi-arabia-viral-as-boycott-of-french-products/,News
https://www.altnews.in/old-video-of-french-muslims-praying-on-streets-during-protest-shared-as-recent/,Religion
https://www.altnews.in/old-video-of-hyderabad-temple-viral-as-pandal-decorated-for-ram-mandir-bhumi-pujan/,Religion
https://www.altnews.in/old-video-of-judge-kalam-pashas-speech-shared-with-false-communal-spin/,Religion
https://www.altnews.in/old-video-of-k-r-market-banglore-shared-as-recent/,Society
https://www.altnews.in/old-video-of-kapil-mishra-manhandled-during-aap-event-viral-with-false-claim/,Politics
https://www.altnews.in/old-video-of-maharashtra-cop-viral-as-shiv-sena-mp-sanjay-raut-dancing/,Politics
https://www.altnews.in/old-video-of-mahesh-bhatt-shared-as-he-got-angry-over-dislike-for-sadak-2/,Politics
https://www.altnews.in/old-video-of-man-vandalising-statue-in-algeria-shared-as-italy/,Religion
https://www.altnews.in/old-video-of-monkeys-terrorise-in-a-hospital-in-south-africa-shared-as-india/,Society
https://www.altnews.in/old-video-of-piyush-goyal-facing-protests-by-railway-employees-shared-as-recent/,Politics
https://www.altnews.in/old-video-of-pm-modis-mock-funeral-staged-in-tamil-nadu-shared-as-haryana/,Politics
https://www.altnews.in/old-video-of-priests-arguing-with-govt-officials-in-karnataka-temple-shared-with-misleading-claim/,Religion
https://www.altnews.in/old-video-of-pro-khalistan-bike-rally-falsely-linked-to-pms-punjab-visit/,Politics
https://www.altnews.in/old-video-of-protest-by-muslim-community-in-paris-revived-after-french-teachers-killing/,Religion
https://www.altnews.in/old-video-of-protest-in-london-falsely-shared-as-brits-asking-indian-to-boycott-pakistan/,Politics
https://www.altnews.in/old-video-of-rana-ayyub-viral-as-she-has-been-taken-into-custody-in-a-money-laundering-case/,Politics
https://www.altnews.in/old-video-of-robot-titan-in-uae-defence-show-idex-shared-as-bahrain-kings-bodyguard-robot/,Society
https://www.altnews.in/old-video-of-scuffle-betwwen-two-families-in-mirzapur-shared-with-false-communal-angle/,Religion
https://www.altnews.in/old-video-of-shop-looted-in-south-africa-shared-as-recent-in-view-of-coronavirus-lockdown/,News
https://www.altnews.in/old-video-of-spice-brand-mdh-owner-dharmpal-gulati-shared-as-his-last-moment-in-hospital/,News
https://www.altnews.in/old-video-of-sunny-deol-offering-prayer-at-gurudwara-shared-with-false-claim/,Politics
https://www.altnews.in/old-video-of-swarm-of-black-birds-outside-texas-supermarket-viral-as-saudi-arabia/,News
https://www.altnews.in/old-video-of-tiktok-user-shadab-khan-falsely-shared-as-him-showing-how-to-spread-coronavirus/,Religion
https://www.altnews.in/old-video-of-tractor-stunt-shared-as-practice-of-farmers-tractor-parade-going-to-be-held-on-republic-day/,Politics
https://www.altnews.in/old-video-of-trs-members-distributing-cash-revived-ahead-of-dubbaka-bypolls/,Politics
https://www.altnews.in/old-video-shared-as-rajput-celebrating-diwali-by-firing-guns-after-fireworks-banned-in-rajasthan/,Politics
https://www.altnews.in/old-video-shared-as-vote-rigging-in-ongoing-west-bengal-elections/,Politics
https://www.altnews.in/old-video-shared-with-false-claim-that-360-ft-tall-indian-national-flag-hoisted-at-wagah-border-recently/,Politics
https://www.altnews.in/old-video-shared-with-false-claim-that-jats-of-delhi-came-in-support-of-pm-modi-during-farmer-protest/,Politics
https://www.altnews.in/old-video-soak-wheat-to-increase-weight-of-grains-shared-to-target-farmer-protest/,Politics
https://www.altnews.in/old-videos-falsely-shared-as-crocodiles-spotted-in-hyderabad-during-heavy-rains/,News
https://www.altnews.in/old-videos-from-pakistan-shared-to-target-madarsa-in-india/,Religion
https://www.altnews.in/opindia-changes-indian-journo-jawed-naqvis-nationality-to-pakistani-to-take-a-swipe-at-scroll/,Politics
https://www.altnews.in/opindias-article-on-yellow-journalism-is-a-work-of-plagiarism/,Media
https://www.altnews.in/pakistani-twitter-handles-impersonating-as-arab-personalities-criticize-india-over-islamophobia/,Politics
https://www.altnews.in/palghar-lynching-incident-falsely-communalised-on-social-media/,News
https://www.altnews.in/photo-of-car-registered-under-new-bh-series-shared-with-partial-context/,Politics
https://www.altnews.in/photo-of-delhi-cm-kejriwal-giving-mask-to-school-boy-predates-covid-19/,Politics
https://www.altnews.in/photo-of-pak-actress-used-to-falsely-claim-osama-bin-ladens-daughter-married-hindu-man/,Religion
https://www.altnews.in/photo-of-turkish-family-from-1979-viral-as-old-family-photo-of-biontech-co-founder-sahin/,Society
https://www.altnews.in/photo-of-yamuna-expressway-shared-as-delhi-mumbai-expressway/,Politics
https://www.altnews.in/photos-from-2019-falsely-viral-as-evm-machines-being-stolen-during-bihar-polls/,Politics
https://www.altnews.in/photos-from-egypt-indonesia-shared-with-banramzangatherings-in-india/,Politics
https://www.altnews.in/pictures-of-vendors-and-buyers-practice-social-distancing-in-a-market-in-myanmar-shared-as-mizoram/,News
https://www.altnews.in/potato-gold-machine-remark-revived-to-mock-rahul-gandhi/,Politics
https://www.altnews.in/priyanka-gandhis-old-tweet-morphed-to-target-jawaharlal-nehru/,Politics
https://www.altnews.in/pro-pak-pro-khalistan-chants-at-2019-anti-modi-rally-in-us-revived-amid-farmers-protest/,Politics
https://www.altnews.in/punjab-woman-constables-death-in-road-accident-given-rape-murder-spin-on-social-media/,Politics
https://www.altnews.in/ratan-tata-didnt-say-liquor-sales-through-aadhaar-cards/,Politics
https://www.altnews.in/ratan-tata-rubbishes-viral-message-about-coronavirus-attributed-to-him-on-social-media/,News
https://www.altnews.in/ravish-kumars-photo-covering-2018-farmers-protest-shared-as-him-joining-recent-movement/,Politics
https://www.altnews.in/satirical-post-claiming-muslims-secured-top-5-ranks-in-neet-believed-to-be-true/,Religion
https://www.altnews.in/scene-from-2017-movie-viral-as-actual-shark-attack-on-helicopter/,Society
https://www.altnews.in/simulation-video-viral-as-fireworks-set-off-for-tokyo-2020-olympic-games/,Society
https://www.altnews.in/solicitor-general-tushar-mehta-quotes-false-whatsapp-forward-in-supreme-court/,Politics
https://www.altnews.in/sp-leader-abu-azmis-supporters-did-not-chant-pakistan-zindabad-video-viral-with-false-claim/,Politics
https://www.altnews.in/spoof-video-from-15-years-ago-falsely-viral-as-volkswagen-ad-mocks-muslims/,Politics
https://www.altnews.in/staged-video-of-army-men-helping-pregnant-woman-carry-luggage-believed-to-be-true/,Society
https://www.altnews.in/sushant-singh-rajput-dancing-with-his-choreographer-manpreet-toor-media-misreports-he-is-dancing-with-his-niece-mallika-singh/,Media
https://www.altnews.in/tarek-fatah-shares-2012-mardan-church-attack-in-pakistan-as-recent/,Religion
https://www.altnews.in/tej-pratap-yadav-photo-flute-goat-edited/,Politics
https://www.altnews.in/this-is-a-mosque-in-mangalore-not-a-temple-taken-over-by-muslims-in-kerala/,Religion
https://www.altnews.in/this-sculpture-is-in-karnataka-not-naga-vasuki-temple-in-ups-prayagraj/,Religion
https://www.altnews.in/tibet-army-video-shared-as-indian-army-celebration-after-recent-indo-china-border-clash/,Politics
https://www.altnews.in/times-now-airs-visuals-from-andhra-to-report-on-large-gatherings-in-kerala/,Media
https://www.altnews.in/tripura-old-communal-rally-video-viral-as-recent-incident/,Politics
https://www.altnews.in/tv9-bharatvarsh-depicts-bjp-members-as-muslim-voices-in-ups-bijnor-supporting-bjp/,Media
https://www.altnews.in/two-decade-old-hostage-rescue-video-from-venezuela-viral-as-spanish-police-shoot-is-terrorist/,Society
https://www.altnews.in/two-different-videos-merged-to-share-misleading-claim-against-republic-bharat/,Politics
https://www.altnews.in/two-old-unrelated-videos-from-west-bengal-edited-and-shared-as-bjp-mla-beaten-up-in-patna/,Politics
https://www.altnews.in/two-unrelated-incidents-of-theft-in-gujarat-shared-with-false-communal-narrative/,Religion
https://www.altnews.in/two-year-old-video-of-a-shoe-hurled-at-madhya-pradesh-cm-shivraj-singh-chauhan-shared-as-recent/,Politics
https://www.altnews.in/two-year-old-video-shared-as-indians-celebrating-ram-mandir-constructions-in-spain/,Religion
https://www.altnews.in/unrelated-image-shared-as-the-minor-girl-who-was-gang-raped-in-rajasthans-tonk/,News
https://www.altnews.in/unrelated-photos-viral-with-image-of-accused-arrested-in-illegal-arms-racket-in-up-madrasa-last-year/,Religion
https://www.altnews.in/unrelated-video-shared-as-recent-protest-in-pakistan-by-islamist-party-tlp/,Politics
https://www.altnews.in/up-congress-sevadal-shared-a-video-of-e-rikshaw-overturns-from-rajasthan-to-target-up-yogi-govt/,Politics
https://www.altnews.in/up-election-rss-mohan-bhagwat-sitting-with-asaduddin-owaisi-morph-image/,Politics
https://www.altnews.in/verification-chinese-police-officer-brutally-pins-down-a-woman-with-toddler-in-her-arms/,Politics
https://www.altnews.in/verification-ram-guhas-tweet-quoting-philip-spratts-1939-writing-on-gujarat-and-bengal/,Politics
https://www.altnews.in/video-from-2016-viral-as-bjp-mla-nand-kishor-gurjar-beaten-at-ghazipur-border/,Politics
https://www.altnews.in/video-from-2018-falsely-shared-as-overcrowded-railway-station-during-covid-19/,Society
https://www.altnews.in/video-from-2019-lok-sabha-polls-viral-as-voter-fraud-in-recent-bihar-elections/,Politics
https://www.altnews.in/video-from-brazil-shared-as-terrorist-caught-in-srinagar-live/,Politics
https://www.altnews.in/video-from-china-shared-as-vehicles-driving-on-potholed-road-in-mumbai/,Society
https://www.altnews.in/video-from-ecuador-falsely-linked-to-saudi-journalist-jamal-khashoggis-murder-case/,Society
https://www.altnews.in/video-from-hyderabad-falsely-viral-as-muslim-man-adulterating-milk-in-mumbai/,Religion
https://www.altnews.in/video-from-jharkhand-falsely-shared-as-up-bjp-minister-shrikant-sharmas-convoy-attacked/,Politics
https://www.altnews.in/video-from-karachi-pakistan-where-a-boy-rescued-from-drain-shared-as-mumbai/,Society
https://www.altnews.in/video-from-march-20-viral-as-muslims-recently-worshiping-in-public/,Religion
https://www.altnews.in/video-from-march-5-falsely-shared-as-post-poll-violence-by-aap-punjab/,Politics
https://www.altnews.in/video-from-mexico-viral-as-cows-washed-away-in-floodwater-in-andhrapradesh/,News
https://www.altnews.in/video-from-mumbai-viral-as-cops-lathicharge-deaf-mute-man-in-ahmedabads-behrampura/,News
https://www.altnews.in/video-from-pakistan-falsely-shared-as-taliban-bans-mobile-phones-in-afghanistan/,Politics
https://www.altnews.in/video-from-pakistan-shared-as-tourists-returning-from-himachal-pradesh/,Society
https://www.altnews.in/video-from-russia-shared-as-fatal-truck-accident-in-mysore-road-kengeri/,News
https://www.altnews.in/video-from-saudi-arabia-shared-as-mumbai-cyclone-tauktae/,Society
https://www.altnews.in/video-from-south-africa-shared-as-man-cuddling-with-cheetah-in-pipleshwar-mahadev-temple/,Society
https://www.altnews.in/video-from-syria-shared-to-target-muslims-in-india/,Politics
https://www.altnews.in/video-from-taiwan-shared-as-euro-cup-victory-celebration-in-italy/,Politics
https://www.altnews.in/video-from-the-kashmir-files-screening-in-nashik-shared-with-false-claim/,Politics
https://www.altnews.in/video-from-up-shared-as-delhi-govt-school-converted-into-madarsa/,Politics
https://www.altnews.in/video-from-west-bengal-shared-as-people-disregarding-social-distancing-in-mumbai-bus/,News
https://www.altnews.in/video-game-showing-mig-aircraft-landing-believed-to-be-real/,Technology
https://www.altnews.in/video-made-for-entertainment-and-educational-purpose-shared-as-real-incident/,Society
https://www.altnews.in/video-of-2011-tsunami-in-japan-shared-as-china/,Society
https://www.altnews.in/video-of-a-burqa-clad-gird-abducted-in-a-car-if-from-bangladesh/,Politics
https://www.altnews.in/video-of-aap-mla-ajay-dutts-skirmish-with-delhi-police-viral-as-rahul-gandhi/,Politics
https://www.altnews.in/video-of-apache-helicopters-flying-over-lake-havasu-in-arizona-us-viral-as-pangong-ladakh/,Politics
https://www.altnews.in/video-of-attack-on-doctor-in-ups-aligarh-shared-with-misleading-posts/,Religion
https://www.altnews.in/video-of-bjp-leader-assaulting-differently-abled-man-for-criticising-bjp-is-from-2018/,Politics
https://www.altnews.in/video-of-bjp-worker-wearing-pm-modis-mask-chased-away-in-indore-falsely-viral-as-bihar/,Politics
https://www.altnews.in/video-of-bus-accident-from-odisha-shared-as-the-recent-violence-in-birbhum/,Politics
https://www.altnews.in/video-of-colourful-fireworks-is-from-saudi-arabia-not-delhi-on-diwali/,Society
https://www.altnews.in/video-of-currency-notes-found-on-indore-road-shared-with-false-claim-that-it-was-muslims-conspiracy-to-spread-coronavirus/,Politics
https://www.altnews.in/video-of-delhi-cop-beating-minor-is-not-an-old-video-of-armed-chain-snatcher/,Politics
https://www.altnews.in/video-of-dtc-personnel-complaining-about-lack-of-social-distancing-in-delhi-bus-is-from-march/,Politics
https://www.altnews.in/video-of-elderly-man-clothes-torn-viral-in-india-from-bangladesh/,News
https://www.altnews.in/video-of-flyover-collapse-in-2018-in-varanasi-shared-as-both-hyderabad-and-thane/,News
https://www.altnews.in/video-of-fruit-vendors-in-indore-shared-with-false-anti-muslim-angle/,Society
https://www.altnews.in/video-of-girl-performing-somersaults-is-not-from-india/,Society
https://www.altnews.in/video-of-hindu-groups-protesting-in-chhattisgarh-shared-as-mathura/,Politics
https://www.altnews.in/video-of-landslide-from-indonesia-shared-as-meghalaya-and-guwahati/,News
https://www.altnews.in/video-of-large-funeral-procession-at-up-madrasa-shared-as-iftar-gathering-in-hyderabad/,Religion
https://www.altnews.in/video-of-leopard-roaming-in-a-south-african-lodge-shared-as-india/,Society
https://www.altnews.in/video-of-mainpuri-girl-arrested-with-315-country-made-gun-viral-with-false-muslim-angle/,Religion
https://www.altnews.in/video-of-man-pushing-a-mini-ferris-wheel-welded-to-his-bike-is-at-least-2-years-old/,News
https://www.altnews.in/video-of-man-selling-relief-material-at-grocery-shop-is-from-pakistan/,Society
https://www.altnews.in/video-of-man-tossing-money-on-new-york-streets-is-not-related-to-covid/,Society
https://www.altnews.in/video-of-manmohan-singh-swapping-seats-with-sonia-gandhi-shared-with-misleading-claim/,Politics
https://www.altnews.in/video-of-men-uprooting-trees-over-land-dispute-in-pakistan-viral-with-anti-muslim-angle/,Religion
https://www.altnews.in/video-of-migrants-workers-protest-in-hyderabad-shared-as-ahmedabad/,News
https://www.altnews.in/video-of-mike-tyson-offering-islamic-prayers-in-his-california-based-store-viral-with-false-clim/,Religion
https://www.altnews.in/video-of-mock-drill-amravati-maharashtra-shared-as-real/,Society
https://www.altnews.in/video-of-mumbai-kisan-rally-falsely-shared-as-farmers-protest-hijacked-by-muslims/,Society
https://www.altnews.in/video-of-pakistani-father-kissing-his-daughter-on-her-wedding-viral-with-distasteful-false-claims/,Religion
https://www.altnews.in/video-of-people-in-up-bahraich-shouting-haji-saab-zindabad-shared-as-pro-pakistan-sloganeering-in-west-bengal/,Politics
https://www.altnews.in/video-of-personal-dispute-in-hyderabad-shared-with-false-communal-angle/,Religion
https://www.altnews.in/video-of-police-clashing-with-protestors-in-barcelona-falsely-viral-as-france/,Religion
https://www.altnews.in/video-of-reliance-stickers-installed-on-oxygen-tankers-viral-with-false-claim/,Society
https://www.altnews.in/video-of-sikhs-kashmiris-protesting-against-pm-modi-is-from-new-york/,Politics
https://www.altnews.in/video-of-sonia-gandhi-manmohan-singhs-meeting-with-sri-lankan-pm-is-from-2017/,Politics
https://www.altnews.in/video-of-stale-food-thrown-by-migrant-workers-shared-with-false-narrative/,News
https://www.altnews.in/video-of-tulsi-gabbard-wishing-janmashtami-shared-as-pm-of-new-zealand-jacinda-ardern/,Religion
https://www.altnews.in/video-of-woman-praising-bjp-karnataka-chief-on-tv-edited-to-falsely-portray-the-opposite/,Politics
https://www.altnews.in/video-of-woman-spitting-inside-houses-in-rajasthans-kota-given-false-anti-muslim-angle/,News
https://www.altnews.in/video-shared-with-false-claim-that-muslim-fruit-seller-caught-contaminating-bananas-with-his-urine-in-bijnor-up/,News
https://www.altnews.in/video-showing-water-enters-inside-the-bus-in-jaipur-shared-as-delhi-dtc-bus-to-target-arvind-kejriwal/,Politics
https://www.altnews.in/videos-of-mentally-disable-woman-in-a-reliance-store-at-rani-bagh-delhi-falsely-shared-that-she-is-trying-to-spread-coronavirus/,News
https://www.altnews.in/viral-claim-that-google-play-is-not-authorised-by-rbi-is-false/,Politics
https://www.altnews.in/viral-clip-false-claim-america-forest-fire-bird-islam-1400-years-ago/,Politics
https://www.altnews.in/viral-message-falsely-claims-mumbai-and-pune-to-be-under-military-lockdown-cm-debunks-rumour/,News
https://www.altnews.in/viral-video-claiming-yogi-adityanath-broke-into-tears-during-a-screening-of-the-kashmir-files-is-from-2017/,Politics
https://www.altnews.in/viral-video-is-not-rishi-kapoors-video-on-the-night-before-he-passed-away-media-misreports/,Media
https://www.altnews.in/viral-video-of-health-worker-pushing-empty-syringe-without-vaccine-is-from-bihar-not-up/,News
https://www.altnews.in/woman-arrested-for-not-wearing-mask-in-singapore-no-false-claim-she-arrested-for-allegedly-pouring-soup-on-stranger-and-biting-his-hand/,Society
https://www.altnews.in/woodwork-by-singaporean-company-shared-as-design-by-ups-saharanpur-artist/,Religion
https://www.altnews.in/zee-news-publishes-2015-news-as-recent-with-false-communal-narrative/,Media
